Product Title,Rating,Total_Rating,Date
Got Data Funny Business Data Analyst T-Shirt,4.4 out of 5 stars,22 ratings,2025-04-05
Got Data Funny Business Data Analyst T-Shirt,4.4 out of 5 stars,22 ratings,2025-04-05
Got Data Funny Business Data Analyst T-Shirt,4.4 out of 5 stars,22 ratings,2025-04-05
Got Data Funny Business Data Analyst T-Shirt,4.4 out of 5 stars,22 ratings,2025-04-05
Got Data Funny Business Data Analyst T-Shirt,4.4 out of 5 stars,22 ratings,2025-04-05
Got Data Funny Business Data Analyst T-Shirt,4.4 out of 5 stars,22 ratings,2025-04-05
Got Data Funny Business Data Analyst T-Shirt,4.4 out of 5 stars,22 ratings,2025-04-05
Got Data Funny Business Data Analyst T-Shirt,4.4 out of 5 stars,22 ratings,2025-04-05
Got Data Funny Business Data Analyst T-Shirt,4.4 out of 5 stars,22 ratings,2025-04-05
